{
    "MonthlyCharges": {
        "max": 19.989956867323198,
        "min": 4.990061546582933,
        "mean": 12.49069450621346,
        "sum": 3045068.9415862607,
        "std": 4.327615425852652
    },
    "TotalCharges": {
        "max": 2378.723844106135,
        "min": 4.991154354368685,
        "mean": 750.7410172504389,
        "sum": 183020900.37243274,
        "std": 523.0732733967734
    },
    "ViewingHoursPerWeek": {
        "max": 39.99972313614872,
        "min": 1.000065389097874,
        "mean": 20.502179026203336,
        "sum": 4998164.718261032,
        "std": 11.243753391906434
    },
    "AverageViewingDuration": {
        "max": 179.99927511771548,
        "min": 5.0005474861951456,
        "mean": 92.2640611142523,
        "sum": 22492778.666860227,
        "std": 50.50524315557208
    },
    "ContentDownloadsPerMonth": {
        "max": 49.0,
        "min": 0.0,
        "mean": 24.503513312850973,
        "sum": 5973638.0,
        "std": 14.421173722535832
    },
    "Churn": {
        "max": 1.0,
        "min": 0.0,
        "mean": 0.18123197709475894,
        "sum": 44182.0,
        "std": 0.3852110541640144
    },
    "SubscriptionType": {
        "Standard": 81920,
        "Basic": 81050,
        "Premium": 80817
    },
    "PaymentMethod": {
        "Electronic check": 61313,
        "Credit card": 60924,
        "Bank transfer": 60797,
        "Mailed check": 60753
    },
    "GenrePreference": {
        "Comedy": 49060,
        "Fantasy": 48955,
        "Drama": 48744,
        "Action": 48690,
        "Sci-Fi": 48338
    }
}