{
    "sum": 7923655,
    "avr": 274.5549203049203,
    "sumMD": 39176,
    "avrMD": 264.7027027027027,
    "sumSD": 43468,
    "avrSD": 293.7027027027027,
    "max": 539.0,
    "min": 12.0
}