{
    "Виноград": {
        "avg": 4512.111111111111,
        "max": 9906,
        "min": 531
    },
    "Пармезан": {
        "avg": 5374.625,
        "max": 9981,
        "min": 1210
    },
    "Пакеты для корпоратива": {
        "avg": 4772.333333333333,
        "max": 9725,
        "min": 130
    },
    "Кефир": {
        "avg": 4337.75,
        "max": 9907,
        "min": 258
    },
    "Петрушка корневая": {
        "avg": 5250.25,
        "max": 9755,
        "min": 120
    },
    "Окра": {
        "avg": 4708.35294117647,
        "max": 9530,
        "min": 329
    },
    "Робот-пылесос": {
        "avg": 5323.411764705882,
        "max": 9268,
        "min": 339
    },
    "Шафран молотый": {
        "avg": 2845.5,
        "max": 7134,
        "min": 388
    },
    "Парфюм": {
        "avg": 6511.285714285715,
        "max": 9864,
        "min": 1128
    },
    "Спаржа": {
        "avg": 4828.606060606061,
        "max": 9952,
        "min": 758
    },
    "Темный шоколад": {
        "avg": 3971.6363636363635,
        "max": 9764,
        "min": 373
    },
    "Ямс": {
        "avg": 5766.5,
        "max": 9711,
        "min": 381
    },
    "Апельсин": {
        "avg": 5343.307692307692,
        "max": 9902,
        "min": 650
    },
    "Растительное масло кокосовое": {
        "avg": 4613.5,
        "max": 9387,
        "min": 588
    },
    "Патиссон": {
        "avg": 5875.529411764706,
        "max": 9032,
        "min": 1031
    },
    "Марийская": {
        "avg": 3598.181818181818,
        "max": 7972,
        "min": 223
    },
    "Кострец": {
        "avg": 5148.4,
        "max": 9073,
        "min": 183
    },
    "Фольга алюминиевая": {
        "avg": 4638.5,
        "max": 6930,
        "min": 3007
    },
    "Творог": {
        "avg": 7250.333333333333,
        "max": 9902,
        "min": 5819
    },
    "Рис": {
        "avg": 5875.833333333333,
        "max": 9602,
        "min": 3364
    },
    "Сибирская": {
        "avg": 5301.1875,
        "max": 9975,
        "min": 269
    },
    "Клюква": {
        "avg": 7058.2,
        "max": 9462,
        "min": 2812
    },
    "Консервы мясные": {
        "avg": 4499.923076923077,
        "max": 9118,
        "min": 449
    },
    "Каша из дробленой гречихи": {
        "avg": 5849.466666666666,
        "max": 9821,
        "min": 1629
    },
    "Пахта": {
        "avg": 4144.571428571428,
        "max": 7315,
        "min": 764
    },
    "Курт": {
        "avg": 4481.428571428572,
        "max": 9781,
        "min": 315
    },
    "Смородина": {
        "avg": 4918.65,
        "max": 8213,
        "min": 399
    },
    "Шелковица": {
        "avg": 5288.047619047619,
        "max": 9161,
        "min": 101
    },
    "Фейхоа": {
        "avg": 4498.64705882353,
        "max": 9465,
        "min": 143
    },
    "Манго": {
        "avg": 5988.4,
        "max": 9913,
        "min": 120
    },
    "Каша из дробленного риса": {
        "avg": 5184.764705882353,
        "max": 9798,
        "min": 136
    },
    "Тимьян сушеный": {
        "avg": 5241.578947368421,
        "max": 8469,
        "min": 108
    },
    "Хурма": {
        "avg": 5594.863636363636,
        "max": 9657,
        "min": 583
    },
    "Гусиные потроха": {
        "avg": 5492.9,
        "max": 9014,
        "min": 1931
    },
    "Брокколи": {
        "avg": 5361.133333333333,
        "max": 9562,
        "min": 204
    },
    "Кисель ягодный": {
        "avg": 3944.5454545454545,
        "max": 9856,
        "min": 209
    },
    "Пакеты для аукциона": {
        "avg": 5186.6,
        "max": 8537,
        "min": 722
    },
    "Консервированные бобы": {
        "avg": 5411.333333333333,
        "max": 9314,
        "min": 2124
    },
    "Шпинат": {
        "avg": 4972.0526315789475,
        "max": 9785,
        "min": 170
    },
    "Щавель": {
        "avg": 5179.0344827586205,
        "max": 9924,
        "min": 348
    },
    "Тан": {
        "avg": 4759.090909090909,
        "max": 9497,
        "min": 132
    },
    "Мультиварка": {
        "avg": 4713.266666666666,
        "max": 9843,
        "min": 467
    },
    "Сухое молоко": {
        "avg": 5858.571428571428,
        "max": 8665,
        "min": 332
    },
    "Топлёное молоко": {
        "avg": 4737.2,
        "max": 8773,
        "min": 504
    },
    "Ребрышки": {
        "avg": 5506.923076923077,
        "max": 9858,
        "min": 1220
    },
    "Пастернак": {
        "avg": 5951.5,
        "max": 9941,
        "min": 1893
    },
    "Чеддер": {
        "avg": 5285.75,
        "max": 9898,
        "min": 107
    },
    "Каша из кускуса": {
        "avg": 4713.285714285715,
        "max": 9897,
        "min": 1074
    },
    "Пакеты для Рождества": {
        "avg": 5154.25,
        "max": 8961,
        "min": 952
    },
    "Пакеты для тренинга": {
        "avg": 3590.1666666666665,
        "max": 8454,
        "min": 411
    },
    "Голландский сыр": {
        "avg": 4840.185185185185,
        "max": 9868,
        "min": 166
    },
    "Камамбер": {
        "avg": 4510.333333333333,
        "max": 9979,
        "min": 178
    },
    "Балык": {
        "avg": 4128.75,
        "max": 9400,
        "min": 424
    },
    "Пензенская": {
        "avg": 6043.533333333334,
        "max": 9568,
        "min": 1363
    },
    "Родники Алтая": {
        "avg": 5460.0,
        "max": 9487,
        "min": 225
    },
    "Конина": {
        "avg": 6366.111111111111,
        "max": 9960,
        "min": 4420
    },
    "Картофель": {
        "avg": 4561.615384615385,
        "max": 9627,
        "min": 304
    },
    "Пакет для хранения продуктов": {
        "avg": 4033.0,
        "max": 6073,
        "min": 1773
    },
    "Приморская": {
        "avg": 5551.833333333333,
        "max": 9788,
        "min": 671
    },
    "Лимонад классический": {
        "avg": 5460.857142857143,
        "max": 9661,
        "min": 457
    },
    "Мандарин": {
        "avg": 3244.4615384615386,
        "max": 9117,
        "min": 1022
    },
    "Свекла": {
        "avg": 4710.615384615385,
        "max": 9277,
        "min": 633
    },
    "Кесадилья с мясом": {
        "avg": 6776.714285714285,
        "max": 9613,
        "min": 2974
    },
    "Энчиладас с мясом": {
        "avg": 5462.357142857143,
        "max": 9540,
        "min": 290
    },
    "Эндивий": {
        "avg": 5085.0,
        "max": 9283,
        "min": 1345
    },
    "Миргородская": {
        "avg": 3781.25,
        "max": 9566,
        "min": 107
    },
    "Южно-Сахалинская": {
        "avg": 5839.764705882353,
        "max": 9401,
        "min": 544
    },
    "Реутовская": {
        "avg": 5342.294117647059,
        "max": 9303,
        "min": 523
    },
    "Золотое молоко": {
        "avg": 3409.6666666666665,
        "max": 8435,
        "min": 1676
    },
    "Сельдерей": {
        "avg": 5370.666666666667,
        "max": 9402,
        "min": 553
    },
    "Моцарелла": {
        "avg": 5447.153846153846,
        "max": 9854,
        "min": 259
    },
    "Сергиево-Посадская": {
        "avg": 4123.416666666667,
        "max": 8517,
        "min": 222
    },
    "Мороженое": {
        "avg": 4951.53125,
        "max": 9454,
        "min": 230
    },
    "Коктебельская": {
        "avg": 3827.3333333333335,
        "max": 8663,
        "min": 740
    },
    "Карачинская": {
        "avg": 4773.388888888889,
        "max": 8695,
        "min": 690
    },
    "Вымя": {
        "avg": 5129.714285714285,
        "max": 9636,
        "min": 789
    },
    "Шумовки": {
        "avg": 5248.375,
        "max": 8923,
        "min": 330
    },
    "Растительное масло льняное": {
        "avg": 5041.05,
        "max": 9929,
        "min": 197
    },
    "Кастрюли": {
        "avg": 4885.857142857143,
        "max": 9244,
        "min": 246
    },
    "Сыр": {
        "avg": 2960.5555555555557,
        "max": 6194,
        "min": 1042
    },
    "Какао-порошок": {
        "avg": 4618.555555555556,