{
  "count": 152.0,
  "min": 0.06,
  "max": 5.88,
  "sum": 470.57000000000005,
  "mean": 3.0958552631578953
}